seed,method_id,method,episodes,collision_count,out_of_road_count,goal_count,max_step_count,total_steps,collision_rmst_steps,collision_rate,collisions_per_1000_steps,combined_safety_failure_rate,goal_rate,max_step_completion_rate,mean_episode_steps,source_file,source_sha256,source_status
3,epsilon,Epsilon-Greedy,300,155,165,1,0,23475,91.98413376674165,0.5166666666666667,6.602768903088392,0.9966666666666667,0.0033333333333333335,0.0,78.25,04_data/raw/baselines/seed_3/epsilon/all_episode_results.csv,0f3f60b6f43fe116438fcfd0fe0a647bf1186d42c9360ca2e5a54fc264e0f5ec,original_23_seed_archive
3,noisy,NoisyNet DQN,300,76,268,0,0,7148,57.19618311323093,0.25333333333333335,10.632344711807498,1.0,0.0,0.0,23.826666666666668,04_data/raw/baselines/seed_3/noisy/all_episode_results.csv,b299ac2c75b6da406dce16ce7c04c9955abea1dbe84013a81d1a33dea00146ed,original_23_seed_archive
3,rnd,DQN + RND,300,160,164,1,0,23246,90.55821568383018,0.5333333333333333,6.88290458573518,0.9966666666666667,0.0033333333333333335,0.0,77.48666666666666,04_data/raw/baselines/seed_3/rnd/all_episode_results.csv,177662d9e8f515bce3616ae7bb0ff9167b78bcd230992e0347eec7a74e64e2ff,original_23_seed_archive
3,safetypool,SafetyPool,300,133,185,1,11,27711,175.7489155191007,0.44333333333333336,4.79953808956732,0.96,0.0033333333333333335,0.03666666666666667,92.37,04_data/raw/safetypool/seed_3/all_episode_results.csv,276833f5b71dfa4ab132c66a480db89eb7282b7d4187461b3150e083026132c1,original_23_seed_archive
5,epsilon,Epsilon-Greedy,300,158,166,1,0,23181,90.71464681749077,0.5266666666666666,6.81592683663345,0.9966666666666667,0.0033333333333333335,0.0,77.27,04_data/raw/baselines/seed_5/epsilon/all_episode_results.csv,6c748799c02c415b48699973c612dc4168b933cc37f30da9e004f48101f537fe,original_23_seed_archive
5,noisy,NoisyNet DQN,300,50,300,0,0,5218,253.63187361419068,0.16666666666666666,9.582215408202376,1.0,0.0,0.0,17.393333333333334,04_data/raw/baselines/seed_5/noisy/all_episode_results.csv,e75642995d46b5660802fffb166bfc640819aa0695401f094f454484ce8eef6d,original_23_seed_archive
5,rnd,DQN + RND,300,158,166,1,0,23240,90.80550062976799,0.5266666666666666,6.798623063683305,0.9966666666666667,0.0033333333333333335,0.0,77.46666666666667,04_data/raw/baselines/seed_5/rnd/all_episode_results.csv,5c092983733191d3271a7ee03b433ac94738c62db3ca431991f29ec4d9beb57c,original_23_seed_archive
5,safetypool,SafetyPool,300,29,248,0,37,63804,445.51546330003106,0.09666666666666666,0.4545169581844398,0.8766666666666667,0.0,0.12333333333333334,212.68,04_data/raw/safetypool/seed_5/all_episode_results.csv,35cc9912e39ae8870378c434bcd7f0827f22a26c9f84293bb2e860c7d8eb37b9,original_23_seed_archive
7,epsilon,Epsilon-Greedy,300,140,185,0,0,22760,92.51439539676609,0.4666666666666667,6.151142355008787,1.0,0.0,0.0,75.86666666666666,04_data/raw/baselines/seed_7/epsilon/all_episode_results.csv,4ade363adb79653acd23a4d5f75179aa083f892e2b8b5f4e81acbe8a6ceddda9,original_23_seed_archive
7,noisy,NoisyNet DQN,300,103,107,1,111,70440,329.5953917468404,0.3433333333333333,1.4622373651334468,0.6266666666666667,0.0033333333333333335,0.37,234.8,04_data/raw/baselines/seed_7/noisy/all_episode_results.csv,1f3fe4f40e3d7d743dbdf7d3ad5dbeb61213aef49373b7c95c612a130d3d52a6,original_23_seed_archive
7,rnd,DQN + RND,300,117,202,0,0,23458,99.17323350106055,0.39,4.9876374797510445,1.0,0.0,0.0,78.19333333333333,04_data/raw/baselines/seed_7/rnd/all_episode_results.csv,67c5ecfd84d20931e2b0b9b6fe020dcfec4a2a42905034fb5da7d40f221fb9c4,original_23_seed_archive
7,safetypool,SafetyPool,300,145,171,1,5,24780,150.17008336183372,0.48333333333333334,5.851493139628733,0.98,0.0033333333333333335,0.016666666666666666,82.6,04_data/raw/safetypool/seed_7/all_episode_results.csv,c006316129fa107b3105a257e7f31f295b70a3421427c42e3be515715db1a6a5,original_23_seed_archive
9,epsilon,Epsilon-Greedy,300,151,171,1,0,23239,91.6726124123028,0.5033333333333333,6.497697835535092,1.0,0.0033333333333333335,0.0,77.46333333333334,04_data/raw/baselines/seed_9/epsilon/all_episode_results.csv,c6675955bf8194d20c5474c3082dc2ed2f21e4f9d72baca573b94579669d7450,original_23_seed_archive
9,noisy,NoisyNet DQN,300,17,283,0,0,6539,105.6530612244898,0.056666666666666664,2.599785899984707,1.0,0.0,0.0,21.796666666666667,04_data/raw/baselines/seed_9/noisy/all_episode_results.csv,0730e76c43ac84a187a84f1ea963808ad1b66aae99b54e964dc8c1a8db26ea19,original_23_seed_archive
9,rnd,DQN + RND,300,137,188,0,0,22934,94.5518752575442,0.45666666666666667,5.973663556291968,1.0,0.0,0.0,76.44666666666667,04_data/raw/baselines/seed_9/rnd/all_episode_results.csv,4b3d17448a84cfd5d1d832f5f0115041ab92cb4301548c4cb1f74c747ca30ad5,original_23_seed_archive
9,safetypool,SafetyPool,300,157,153,1,11,27685,148.35723504388739,0.5233333333333333,5.670940942748781,0.96,0.0033333333333333335,0.03666666666666667,92.28333333333333,04_data/raw/safetypool/seed_9/all_episode_results.csv,52571bb09d5747203e321115581553c1cee04491958a3bcd3439027631b62734,original_23_seed_archive
13,epsilon,Epsilon-Greedy,300,157,163,1,0,23095,90.72325318671655,0.5233333333333333,6.798008226888937,0.9966666666666667,0.0033333333333333335,0.0,76.98333333333333,04_data/raw/baselines/seed_13/epsilon/all_episode_results.csv,006ad4bebd9cb06dc9097f4451134b3ffb8c688a528fb69c7b703e5492e2de3b,original_23_seed_archive
13,noisy,NoisyNet DQN,300,50,300,0,0,5218,253.63187361419068,0.16666666666666666,9.582215408202376,1.0,0.0,0.0,17.393333333333334,04_data/raw/baselines/seed_13/noisy/all_episode_results.csv,b8cab681021690f756822eec7564a136b50893382201c31f521206223cb2f337,original_23_seed_archive
13,rnd,DQN + RND,300,144,181,0,0,23177,94.15366610246454,0.48,6.21305604694309,1.0,0.0,0.0,77.25666666666666,04_data/raw/baselines/seed_13/rnd/all_episode_results.csv,d1617a8cfc8a85a07cb196f6c96929af9178d7348c7c0414bc77aab7aaae47f1,original_23_seed_archive
13,safetypool,SafetyPool,300,0,300,0,0,5848,500.0,0.0,0.0,1.0,0.0,0.0,19.493333333333332,04_data/raw/safetypool/seed_13/all_episode_results.csv,cbdfb036bb06d8fd9c449a1122e69bb35d7cc847aa8b96d1781d12eb31cd4dba,original_23_seed_archive
17,epsilon,Epsilon-Greedy,300,157,168,1,0,23261,91.25496899970018,0.5233333333333333,6.74949486264563,0.9966666666666667,0.0033333333333333335,0.0,77.53666666666666,04_data/raw/baselines/seed_17/epsilon/all_episode_results.csv,de2b020e3d7aa5d73316fb31027c0e6a575f7fa296c6eb9f7123ef0b291ff8a7,original_23_seed_archive
17,noisy,NoisyNet DQN,300,42,261,0,0,8878,95.75655280794813,0.14,4.730795224149583,1.0,0.0,0.0,29.593333333333334,04_data/raw/baselines/seed_17/noisy/all_episode_results.csv,c4752e04bce5e289ff1da3a3143698005104035f9d99bd4ff714cfced3e4292c,original_23_seed_archive
17,rnd,DQN + RND,300,129,195,0,0,22854,120.66234327442957,0.43,5.644526122341822,1.0,0.0,0.0,76.18,04_data/raw/baselines/seed_17/rnd/all_episode_results.csv,7ef99ff18de9ca6664d6a4dc2638691b26617ee51908bfb0ee43403c344f7a94,original_23_seed_archive
17,safetypool,SafetyPool,300,160,164,1,0,23254,90.62356683146481,0.5333333333333333,6.8805366818611855,0.9966666666666667,0.0033333333333333335,0.0,77.51333333333334,04_data/raw/safetypool/seed_17/all_episode_results.csv,368f0c85ad23b38559821d4c11c2ce8f4d6ed2dae0c28e7bd6719b22230f84c0,original_23_seed_archive
19,epsilon,Epsilon-Greedy,300,152,175,1,0,23060,91.30507846734226,0.5066666666666667,6.591500433651344,0.9966666666666667,0.0033333333333333335,0.0,76.86666666666666,04_data/raw/baselines/seed_19/epsilon/all_episode_results.csv,33c7a18d44b1fbc1d0aac2a73f455fb58448dfd3d4abdd2f7289a512f286cbc2,original_23_seed_archive
19,noisy,NoisyNet DQN,300,99,240,0,0,10097,66.72344277471447,0.33,9.804892542339308,1.0,0.0,0.0,33.656666666666666,04_data/raw/baselines/seed_19/noisy/all_episode_results.csv,0b269c0bdd76a0207866d9c7555ec5970af1d66392c9484847563a66abafa53d,original_23_seed_archive
19,rnd,DQN + RND,300,157,165,1,0,23208,90.76395447692049,0.5233333333333333,6.7649086521889,0.9966666666666667,0.0033333333333333335,0.0,77.36,04_data/raw/baselines/seed_19/rnd/all_episode_results.csv,ceff4b6915c8f50315aa569ddff6f0debc6e6f0a49950778d56c4dea854c56f6,original_23_seed_archive
19,safetypool,SafetyPool,300,152,158,1,16,30337,170.0386831725336,0.5066666666666667,5.010383360253156,0.9433333333333334,0.0033333333333333335,0.05333333333333334,101.12333333333333,04_data/raw/safetypool/seed_19/all_episode_results.csv,0007c3d611dfcfed033d2760f9487e0efab597426e5f8739e9b72cad2bf6202d,original_23_seed_archive
29,epsilon,Epsilon-Greedy,300,141,190,0,0,22739,91.10433030580053,0.47,6.2008003870003074,1.0,0.0,0.0,75.79666666666667,04_data/raw/baselines/seed_29/epsilon/all_episode_results.csv,f9bf74e14c5e4b1dafc0467e68e02e70de3ae39994a38d492a7db997db193912,original_23_seed_archive
29,noisy,NoisyNet DQN,300,151,172,0,0,22825,90.63902567190131,0.5033333333333333,6.615553121577218,1.0,0.0,0.0,76.08333333333333,04_data/raw/baselines/seed_29/noisy/all_episode_results.csv,eef40cebaa9787c6d671a90f8b6336a398e57db287c911422938a18a1840d632,original_23_seed_archive
29,rnd,DQN + RND,300,174,156,0,0,22381,85.62066073000952,0.58,7.77445154372012,1.0,0.0,0.0,74.60333333333334,04_data/raw/baselines/seed_29/rnd/all_episode_results.csv,bfea43a4aed1206e44ff93fb22f4203f6b7a4c9b8ff544a1c198d163747ddf73,original_23_seed_archive
29,safetypool,SafetyPool,300,164,176,1,0,22733,87.80932608858087,0.5466666666666666,7.214182026129415,0.9966666666666667,0.0033333333333333335,0.0,75.77666666666667,04_data/raw/safetypool/seed_29/all_episode_results.csv,c98b9ab4df36ef329824bad2c4b9256197af84c5d3d05559e2bff0b28d4effc6,original_23_seed_archive
31,epsilon,Epsilon-Greedy,300,150,173,0,0,23060,91.25083896377137,0.5,6.5047701647875105,1.0,0.0,0.0,76.86666666666666,04_data/raw/baselines/seed_31/epsilon/all_episode_results.csv,5bab8c186098c3a7cd7c342871482b0f259718609df9477c775d2294f361d3d5,original_23_seed_archive
31,noisy,NoisyNet DQN,300,150,175,1,0,22813,90.86087616104096,0.5,6.575198351816947,0.9966666666666667,0.0033333333333333335,0.0,76.04333333333334,04_data/raw/baselines/seed_31/noisy/all_episode_results.csv,ebd4efe42d4fb2bf0b20b3373a9ddcf6cf1ec9191cc569fdcb69d3afbded6ee3,original_23_seed_archive
31,rnd,DQN + RND,300,151,176,0,0,23125,91.68630154648238,0.5033333333333333,6.52972972972973,1.0,0.0,0.0,77.08333333333333,04_data/raw/baselines/seed_31/rnd/all_episode_results.csv,5c5e305a42fd995983c04a3dcaa0c5332b9fdc180deb4c686872dd7999462f11,original_23_seed_archive
31,safetypool,SafetyPool,300,11,213,0,87,46843,472.15263157894736,0.03666666666666667,0.23482697521508017,0.71,0.0,0.29,156.14333333333335,04_data/raw/safetypool/seed_31/all_episode_results.csv,6e9e448e47bd7d06bee39ef0359755c58263d7ee3b6e4695260124ef6c68cc8c,original_23_seed_archive
33,epsilon,Epsilon-Greedy,300,139,180,0,0,23117,94.12252302214337,0.4633333333333333,6.012890946057015,1.0,0.0,0.0,77.05666666666667,04_data/raw/baselines/seed_33/epsilon/all_episode_results.csv,7d0885b6cf2291f1c41d978b2f6a232a6433ea0353595b05f7f4f589bce7161b,original_23_seed_archive
33,noisy,NoisyNet DQN,300,160,164,1,0,23196,90.5316493397152,0.5333333333333333,6.897740989825832,0.9966666666666667,0.0033333333333333335,0.0,77.32,04_data/raw/baselines/seed_33/noisy/all_episode_results.csv,65a011e20ebcd415e6a5c1ea7b70409c930df27dc68da5a45500aba920305f9b,original_23_seed_archive
33,rnd,DQN + RND,300,86,234,0,0,22070,240.14259085871933,0.2866666666666667,3.896692342546443,1.0,0.0,0.0,73.56666666666666,04_data/raw/baselines/seed_33/rnd/all_episode_results.csv,3f577cd922f2539560fbf026c38b7dcb23df67d35003828b1e263752f33461d2,original_23_seed_archive
33,safetypool,SafetyPool,300,0,0,0,300,150000,500.0,0.0,0.0,0.0,0.0,1.0,500.0,04_data/raw/safetypool/seed_33/all_episode_results.csv,8796dc6d8f8eff3239effe2590dfe3fc0426c22f09c67fb2f2c06fc255243fd6,original_23_seed_archive
38,epsilon,Epsilon-Greedy,300,145,190,0,0,22692,90.11880626930125,0.48333333333333334,6.389917151419002,1.0,0.0,0.0,75.64,04_data/raw/baselines/seed_38/epsilon/all_episode_results.csv,f2dfeca16d21c2c48095173e83514a62883cc4a042edeb78fb69576284a73065,original_23_seed_archive
38,noisy,NoisyNet DQN,300,0,300,0,0,5637,500.0,0.0,0.0,1.0,0.0,0.0,18.79,04_data/raw/baselines/seed_38/noisy/all_episode_results.csv,e2cf2b6c5a9dc2b7d2a7158f49c391e449768ec732104d7be65d34986bfe5619,original_23_seed_archive
38,rnd,DQN + RND,300,160,164,1,0,23246,90.55526898745474,0.5333333333333333,6.88290458573518,0.9966666666666667,0.0033333333333333335,0.0,77.48666666666666,04_data/raw/baselines/seed_38/rnd/all_episode_results.csv,a60684db878f911111dfbbf807543009a1a48c63b1fa77189737ffbac71c61c2,original_23_seed_archive
38,safetypool,SafetyPool,300,158,166,1,1,23326,102.61147886219351,0.5266666666666666,6.773557403755466,0.9933333333333333,0.0033333333333333335,0.0033333333333333335,77.75333333333333,04_data/raw/safetypool/seed_38/all_episode_results.csv,c8c38acb7d76dca3f54faa5c1fbf7e06aec90816f7c374a784350538e812c5d2,original_23_seed_archive
42,epsilon,Epsilon-Greedy,300,157,167,1,0,23166,90.82002853533584,0.5233333333333333,6.777173443840111,0.9966666666666667,0.0033333333333333335,0.0,77.22,04_data/raw/baselines/seed_42/epsilon/all_episode_results.csv,7a13400bb920204525d0fce72908ac07e93648ab032218f9c622b50010490a67,original_23_seed_archive
42,noisy,NoisyNet DQN,300,160,164,1,0,23240,90.55164360014963,0.5333333333333333,6.884681583476764,0.9966666666666667,0.0033333333333333335,0.0,77.46666666666667,04_data/raw/baselines/seed_42/noisy/all_episode_results.csv,fee6deb646bdfc8ea21307f21dbf449f255785decf2b0be616c80e56528e5927,original_23_seed_archive
42,rnd,DQN + RND,300,143,185,0,0,22977,92.42371482673528,0.4766666666666667,6.223614919267093,1.0,0.0,0.0,76.59,04_data/raw/baselines/seed_42/rnd/all_episode_results.csv,0e3a06ae4b87d766cd43d22edfe57776d4d94cf8e1fa1d7efb40c354b9810a8a,original_23_seed_archive
42,safetypool,SafetyPool,300,51,300,0,0,5291,252.30626980846074,0.17,9.63900963900964,1.0,0.0,0.0,17.636666666666667,04_data/raw/safetypool/seed_42/all_episode_results.csv,cdb2ae0659731e559606efb3faefe5244cc7b1c078daef131063147a88461d1e,original_23_seed_archive
45,epsilon,Epsilon-Greedy,300,152,174,1,0,23234,91.63156020762881,0.5066666666666667,6.5421365240595675,0.9966666666666667,0.0033333333333333335,0.0,77.44666666666667,04_data/raw/baselines/seed_45/epsilon/all_episode_results.csv,79b52e76556bd084384c4eb75eaba36c5f1143b5d15727be644f71acce104845,original_23_seed_archive
45,noisy,NoisyNet DQN,300,106,209,0,0,18799,105.06642972735759,0.35333333333333333,5.6385977977551995,1.0,0.0,0.0,62.663333333333334,04_data/raw/baselines/seed_45/noisy/all_episode_results.csv,9d01ef0fa3105d896ddd956c4ee371e41347276d8c21c092522a17e868d98243,original_23_seed_archive
45,rnd,DQN + RND,300,156,167,1,0,23316,91.78455181685773,0.52,6.690684508492023,0.9966666666666667,0.0033333333333333335,0.0,77.72,04_data/raw/baselines/seed_45/rnd/all_episode_results.csv,b7c16dcfd9789a9bf148674c34e1b97c273cd94381c8929130b41c54bc441001,original_23_seed_archive
45,safetypool,SafetyPool,300,24,300,0,0,5349,295.52813203300826,0.08,4.48681996634885,1.0,0.0,0.0,17.83,04_data/raw/safetypool/seed_45/all_episode_results.csv,a962ead43b71eb1d9d4c42a768c7a2103680e148f8197422f68011d42498a252,original_23_seed_archive
48,epsilon,Epsilon-Greedy,300,154,171,1,0,23112,108.93577190467924,0.5133333333333333,6.663205261336103,1.0,0.0033333333333333335,0.0,77.04,04_data/raw/baselines/seed_48/epsilon/all_episode_results.csv,4699105b489c8c6ce0dc17d03e5bcde3270c9a8ed22272b1d4b3eb5d22c0b53d,original_23_seed_archive
48,noisy,NoisyNet DQN,300,160,164,1,0,23239,90.54034415044192,0.5333333333333333,6.884977838977581,0.9966666666666667,0.0033333333333333335,0.0,77.46333333333334,04_data/raw/baselines/seed_48/noisy/all_episode_results.csv,cf30ba33a360cb7d6d737698c9050dc659b61c9200db3f441f737e9866974567,original_23_seed_archive
48,rnd,DQN + RND,300,149,177,1,0,23118,92.53276892400696,0.49666666666666665,6.445194220953369,0.9966666666666667,0.0033333333333333335,0.0,77.06,04_data/raw/baselines/seed_48/rnd/all_episode_results.csv,874180ac80aaefa8e1587cb4c235e54bc12f22c27d74cf31030dcae43af84839,original_23_seed_archive
48,safetypool,SafetyPool,300,9,300,0,0,18134,476.1688095407571,0.03,0.49630528289401127,1.0,0.0,0.0,60.446666666666665,04_data/raw/safetypool/seed_48/all_episode_results.csv,e782d4c83d5fcd2dfee2e2f3152144065e18d289f3efb0fb639237c9004feea2,original_23_seed_archive
54,epsilon,Epsilon-Greedy,300,146,178,1,0,23175,92.58639235915474,0.4866666666666667,6.299892125134844,0.9966666666666667,0.0033333333333333335,0.0,77.25,04_data/raw/baselines/seed_54/epsilon/all_episode_results.csv,44d5143f2694d954426270dfa29d5710127f015f5a508b0080384eef9c352e87,original_23_seed_archive
54,noisy,NoisyNet DQN,300,15,287,0,0,7233,73.62468187274911,0.05,2.073828287017835,1.0,0.0,0.0,24.11,04_data/raw/baselines/seed_54/noisy/all_episode_results.csv,0c54abc3906e0ba4bb44805a95b831fd3de43e1a9f012f39e55298aaef01d402,original_23_seed_archive
54,rnd,DQN + RND,300,156,167,1,0,23245,91.74553264146893,0.52,6.7111206711120674,0.9966666666666667,0.0033333333333333335,0.0,77.48333333333333,04_data/raw/baselines/seed_54/rnd/all_episode_results.csv,6890924ec78b0dee144e6192a4bf1e98b0e63f931941dddbf32b058c25eeaaca,original_23_seed_archive
54,safetypool,SafetyPool,300,154,165,0,0,23031,90.07689550445701,0.5133333333333333,6.686639746428726,1.0,0.0,0.0,76.77,04_data/raw/safetypool/seed_54/all_episode_results.csv,099185d64ad679e986cca9be13ab332435521867b14d38854e3cb14758a22c1f,original_23_seed_archive
63,epsilon,Epsilon-Greedy,300,157,165,1,0,23199,90.8362412425129,0.5233333333333333,6.767533083322557,0.9966666666666667,0.0033333333333333335,0.0,77.33,04_data/raw/baselines/seed_63/epsilon/all_episode_results.csv,00093e17b3c165bafa0cd9b88f6ffeb397da7438c86194dcdf39d6b6eaf32ef5,original_23_seed_archive
63,noisy,NoisyNet DQN,300,153,173,1,0,22932,90.73040984829343,0.51,6.671899529042387,0.9966666666666667,0.0033333333333333335,0.0,76.44,04_data/raw/baselines/seed_63/noisy/all_episode_results.csv,f282eecda476229df4fc11a86a4b0cc689f4941443e34e6c8d404e8af872d5df,original_23_seed_archive
63,rnd,DQN + RND,300,160,164,1,0,23241,90.55864777329307,0.5333333333333333,6.884385353470161,0.9966666666666667,0.0033333333333333335,0.0,77.47,04_data/raw/baselines/seed_63/rnd/all_episode_results.csv,e8fa396ad9145f036ce12f7c5da117e4910df9168d336bb14840455f99d16acf,original_23_seed_archive
63,safetypool,SafetyPool,300,34,300,0,0,13212,391.1377925637646,0.11333333333333333,2.5734181047532547,1.0,0.0,0.0,44.04,04_data/raw/safetypool/seed_63/all_episode_results.csv,18ab893daeefbc42e2431c2f029fde8f7f1b3b552e46c9e8637423eef36a20e3,original_23_seed_archive
67,epsilon,Epsilon-Greedy,300,163,176,1,0,22766,88.01194398886334,0.5433333333333333,7.15979970130897,0.9966666666666667,0.0033333333333333335,0.0,75.88666666666667,04_data/raw/baselines/seed_67/epsilon/all_episode_results.csv,f7fbabc8a7300a7805679a7ce3728ff28201830ff7f33efbfa02115f62efbcd6,original_23_seed_archive
67,noisy,NoisyNet DQN,300,160,164,1,0,23239,90.54034415044192,0.5333333333333333,6.884977838977581,0.9966666666666667,0.0033333333333333335,0.0,77.46333333333334,04_data/raw/baselines/seed_67/noisy/all_episode_results.csv,a3e82276240a2a6ec43f1451f6bc5a8e1aeb944e0f29315b82e784ec355dfe6a,original_23_seed_archive
67,rnd,DQN + RND,300,158,166,1,0,23207,90.66437081233767,0.5266666666666666,6.8082906019735425,0.9966666666666667,0.0033333333333333335,0.0,77.35666666666667,04_data/raw/baselines/seed_67/rnd/all_episode_results.csv,0ccc438279ded3cbd2f89a59bdad89ecb4357c534cabe866d2c47b1b3a679c61,original_23_seed_archive
67,safetypool,SafetyPool,300,118,195,0,0,19747,125.13105323297366,0.3933333333333333,5.97559122904745,1.0,0.0,0.0,65.82333333333334,04_data/raw/safetypool/seed_67/all_episode_results.csv,0011f5bab71b3da022cd1987d6898e6e30b682893a774afdd16f361ffd668486,original_23_seed_archive
69,epsilon,Epsilon-Greedy,300,160,163,1,0,23211,90.50579521223389,0.5333333333333333,6.893283357028995,0.9966666666666667,0.0033333333333333335,0.0,77.37,04_data/raw/baselines/seed_69/epsilon/all_episode_results.csv,328678be33975f4317c5c97de034a92e1fc0b49bad214cc739828f75f83b509c,original_23_seed_archive
69,noisy,NoisyNet DQN,300,160,164,1,0,23239,90.54034415044192,0.5333333333333333,6.884977838977581,0.9966666666666667,0.0033333333333333335,0.0,77.46333333333334,04_data/raw/baselines/seed_69/noisy/all_episode_results.csv,d9076002f1e3ab82abcf80a6bcd787bb618ebaec0978d908c3564a4d936824be,original_23_seed_archive
69,rnd,DQN + RND,300,160,164,1,0,23247,90.535316420082,0.5333333333333333,6.882608508624768,0.9966666666666667,0.0033333333333333335,0.0,77.49,04_data/raw/baselines/seed_69/rnd/all_episode_results.csv,53be5f6c1ed8dcb0bb1557fc77432281edd0103ca5f60d765bba02d81feac202,original_23_seed_archive
69,safetypool,SafetyPool,300,122,188,1,2,21923,125.47268286210368,0.4066666666666667,5.56493180677827,0.99,0.0033333333333333335,0.006666666666666667,73.07666666666667,04_data/raw/safetypool/seed_69/all_episode_results.csv,3bdba5fb20ecb96952254cffb60e14570b93b682cbea80e8206458a351ace5d4,original_23_seed_archive
77,epsilon,Epsilon-Greedy,300,149,174,1,0,22987,109.849529122675,0.49666666666666665,6.481924566059077,0.9966666666666667,0.0033333333333333335,0.0,76.62333333333333,04_data/raw/baselines/seed_77/epsilon/all_episode_results.csv,b3af43180cce896a86143806c72bfdc13a96b1d3f56b7a7fc3fad3edaa665fb2,original_23_seed_archive
77,noisy,NoisyNet DQN,300,160,164,1,0,23240,90.54266378235971,0.5333333333333333,6.884681583476764,0.9966666666666667,0.0033333333333333335,0.0,77.46666666666667,04_data/raw/baselines/seed_77/noisy/all_episode_results.csv,7faf904bb5005d9f918af13c69da1b05998befa9ed9df20407423b70524951e5,original_23_seed_archive
77,rnd,DQN + RND,300,159,165,1,0,23270,90.70018934467421,0.53,6.832831972496777,0.9966666666666667,0.0033333333333333335,0.0,77.56666666666666,04_data/raw/baselines/seed_77/rnd/all_episode_results.csv,077bf47c760ecd69ea64ddd0975137e5bfe5f0514c303340f82bd109e86a454c,original_23_seed_archive
77,safetypool,SafetyPool,300,50,300,0,0,5218,253.63187361419068,0.16666666666666666,9.582215408202376,1.0,0.0,0.0,17.393333333333334,04_data/raw/safetypool/seed_77/all_episode_results.csv,dd5b83bf93bd065d19c2e98265a7fc47a8b59a9eed243e39d1c7e1b21c25df34,original_23_seed_archive
85,epsilon,Epsilon-Greedy,300,160,164,1,0,23239,90.54034415044192,0.5333333333333333,6.884977838977581,0.9966666666666667,0.0033333333333333335,0.0,77.46333333333334,04_data/raw/baselines/seed_85/epsilon/all_episode_results.csv,bbcc67588870655fa9e060bcf5f4d011513a662ba5bfa997d825ee58de808df3,original_23_seed_archive
85,noisy,NoisyNet DQN,300,160,164,1,0,23240,90.54266378235971,0.5333333333333333,6.884681583476764,0.9966666666666667,0.0033333333333333335,0.0,77.46666666666667,04_data/raw/baselines/seed_85/noisy/all_episode_results.csv,fe297b6fad056c42fa9ff35b056519d73ea612804930f8440be904e3b49fd990,original_23_seed_archive
85,rnd,DQN + RND,300,138,184,1,0,23135,94.06014042508463,0.46,5.964988113248325,0.9966666666666667,0.0033333333333333335,0.0,77.11666666666666,04_data/raw/baselines/seed_85/rnd/all_episode_results.csv,0c640781944351960b86185e411ae43c1abf2383fa50c663736bdeb18ef0c6fb,original_23_seed_archive
85,safetypool,SafetyPool,300,110,215,1,0,20429,90.14729725231334,0.36666666666666664,5.38450242302609,0.9966666666666667,0.0033333333333333335,0.0,68.09666666666666,04_data/raw/safetypool/seed_85/all_episode_results.csv,13bd2bdbaa0e90fb34b4bc28b926053a4a7cf9010105dcecf0e965ecc742947b,original_23_seed_archive
94,epsilon,Epsilon-Greedy,300,142,188,1,0,22955,91.21542679328167,0.47333333333333333,6.186016118492703,0.9966666666666667,0.0033333333333333335,0.0,76.51666666666667,04_data/raw/baselines/seed_94/epsilon/all_episode_results.csv,bffc5435d791d5755fcbb67291bd26bef0dd6149a180bb1ff8311bfbed0d856d,original_23_seed_archive
94,noisy,NoisyNet DQN,300,57,291,0,0,5864,87.16270696013811,0.19,9.720327421555252,1.0,0.0,0.0,19.546666666666667,04_data/raw/baselines/seed_94/noisy/all_episode_results.csv,c60dbd984faed977d35a5a8cacb711d6a807a354b6cfa5c206b307799c95db33,original_23_seed_archive
94,rnd,DQN + RND,300,142,185,0,0,22921,92.65295376936305,0.47333333333333333,6.195192181841979,1.0,0.0,0.0,76.40333333333334,04_data/raw/baselines/seed_94/rnd/all_episode_results.csv,24aff45c231b7f6d144b0ea3aea5828e99fb3694afc68f25e58a458feba1c5ba,original_23_seed_archive
94,safetypool,SafetyPool,300,113,115,1,93,63453,307.5713037996343,0.37666666666666665,1.780845665295573,0.6866666666666666,0.0033333333333333335,0.31,211.51,04_data/raw/safetypool/seed_94/all_episode_results.csv,15a43242192db4b07508f27aa01078074503ec203e7a3fca13c8f342370c31d7,original_23_seed_archive
108,epsilon,Epsilon-Greedy,300,154,183,1,0,22943,104.0521138914051,0.5133333333333333,6.712286972061195,0.9966666666666667,0.0033333333333333335,0.0,76.47666666666667,04_data/raw/baselines/seed_108/epsilon/all_episode_results.csv,68283bd91c6bce290668390dfdf4ad3578d12270e9101af9984c3a1ecacc46fc,original_23_seed_archive
108,noisy,NoisyNet DQN,300,159,162,1,0,23129,89.981036345947,0.53,6.874486575295084,0.9966666666666667,0.0033333333333333335,0.0,77.09666666666666,04_data/raw/baselines/seed_108/noisy/all_episode_results.csv,addac331827b2bff2135116ec458ecad63685b299b08e4ef739282e6bc6d0075,original_23_seed_archive
108,rnd,DQN + RND,300,159,165,1,0,23156,90.41768781554478,0.53,6.866470893073069,0.9966666666666667,0.0033333333333333335,0.0,77.18666666666667,04_data/raw/baselines/seed_108/rnd/all_episode_results.csv,1914e3890cf20519a68b1ef3837e51fecbd4823714c5971745954271099e3f66,original_23_seed_archive
108,safetypool,SafetyPool,300,0,0,0,300,150000,500.0,0.0,0.0,0.0,0.0,1.0,500.0,04_data/raw/safetypool/seed_108/all_episode_results.csv,38dee0c1039c1acb5929f9d2fc65cbf0c8d0abdcfa96058edba2e0b9f8191e4c,original_23_seed_archive
111,epsilon,Epsilon-Greedy,300,143,182,0,0,22945,91.66496041284748,0.4766666666666667,6.232294617563739,1.0,0.0,0.0,76.48333333333333,04_data/raw/baselines/seed_111/epsilon/all_episode_results.csv,f7aea81c59997237e2cc0a95c5224d245d7b9ba7134d315015d3a4d56ae9c471,original_23_seed_archive
111,noisy,NoisyNet DQN,300,8,293,0,0,6919,76.68967452300785,0.02666666666666667,1.1562364503540974,1.0,0.0,0.0,23.063333333333333,04_data/raw/baselines/seed_111/noisy/all_episode_results.csv,fd05458a1f15d96df69904579105a6d4fb743d65d2719ddc4cb0bc3af92cdb33,original_23_seed_archive
111,rnd,DQN + RND,300,161,164,1,0,23269,90.42253116062777,0.5366666666666666,6.919076883407108,0.9966666666666667,0.0033333333333333335,0.0,77.56333333333333,04_data/raw/baselines/seed_111/rnd/all_episode_results.csv,20f790eebb4e965d356286c96308c4f59a56f0b675e79e0a08fea570b51e93b2,original_23_seed_archive
111,safetypool,SafetyPool,300,93,255,0,1,19911,147.05703441455904,0.31,4.670784993219828,0.9966666666666667,0.0,0.0033333333333333335,66.37,04_data/raw/safetypool/seed_111/all_episode_results.csv,4f94d97da84fdec5f0af573e180bb12a7d9cde62007d9955bc21b3d3834584c9,original_23_seed_archive
